plant,inverter,actual_kwh,expected_kwh,downtime_h,performance_ratio,lost_kwh,status,lost_rs,lost_rs_per_year,peer_ratio
Plant 2,Quc1TzYxW2pYoWX,134272.27783549784,228386.60533198714,69.5,0.5879166058811421,94114.3274964893,Check,282342.98248946795,3031034.9590781117,0.5830754265244541
Plant 2,Et9kgGMDl729KT4,145778.34806776556,228386.60533198714,76.0,0.6382964003333705,82608.25726422158,Check,247824.77179266475,2660471.814833019,0.6330403702674892
Plant 2,LYwnQax7tkwH5Cb,155049.931986347,233218.55896243453,79.25,0.6648267302402873,78168.62697608754,Check,234505.88092826263,2517489.604082819,0.6675635222272952
Plant 2,rrq4fwE8jgrTyWY,165317.37334290709,233218.55896243453,66.75,0.7088517057921425,67901.18561952744,Check,203703.55685858233,2186817.595687722,0.7117697287598528
Plant 2,q49J1IKaHRwDQnt,178778.57917665667,233218.55896243453,59.5,0.7665709794796103,54439.97978577786,Check,163319.93935733358,1753287.5842772576,0.7697266066809328
Plant 2,81aHJ1q11NBPMrL,182470.07536630036,233218.55896243453,64.75,0.782399463310686,50748.483596134174,Check,152245.45078840252,1634399.6922872623,0.7856202492454725
Plant 2,xoJJ8DcxJEcupym,190475.1791620879,233218.55896243453,50.75,0.8167239348767631,42743.37980034662,Check,128230.13940103987,1376588.2612170456,0.8200860191897095
Plant 2,9kRcWv60rDACzjR,193423.09073426574,233218.55896243453,51.5,0.8293640591674404,39795.468228168786,Check,119386.40468450636,1281648.1679366124,0.8327781771747316
Plant 2,WcxssY2VbP4hApt,193952.7241816517,233218.55896243453,53.5,0.8316350338692061,39265.83478078284,Check,117797.50434234852,1264590.855439918,0.8350585004557343
Plant 2,LlT2YUhhzqhg5Sw,194125.1672102897,233218.55896243453,49.5,0.8323744391266831,39093.39175214482,Check,117280.17525643445,1259037.1755470168,0.8358009495113796
Plant 2,PeE6FRyGXUgsRhN,196675.26704545453,233218.55896243453,44.5,0.8433088169331062,36543.29191698,Check,109629.87575094,1176908.9602674441,0.8467803392227131
Plant 2,oZZkBaNadn6DNKz,202367.1858907759,233218.55896243453,44.5,0.867714759884834,30851.37307165863,Check,92554.11921497589,993595.6915725353,0.8712867504409344
Plant 2,vOuJvMaM2sgwLmb,207183.20090034965,233218.55896243453,41.25,0.888364981852587,26035.35806208488,Check,78106.07418625464,838491.6787642043,0.8920219800647285
Plant 2,V94E5Ben1TlhnDV,207345.78438186814,233218.55896243453,42.25,0.8890621111129762,25872.774580566387,Check,77618.32374169916,833255.5342858881,0.8927219790920614
Plant 1,bvBOhCH3iADSZry,217141.968750295,240114.07908821106,5.0,0.9043283491532508,22972.110337916063,Check,68916.33101374819,739837.0829417085,0.9018134312890771
Plant 1,1BY6WEcLGh8j5v7,220477.1216957925,240114.07908821106,4.75,0.9182182174948413,19636.957392418553,Check,58910.87217725566,632425.5395499505,0.9156646722028579
Plant 2,oZ35aAeoifZaQzV,214794.09056943055,228386.60533198714,33.25,0.9404846236809805,13592.514762556588,Check,40777.54428766976,437758.9313235137,0.9327402349362147
Plant 2,4UPUqMRk7TRMgml,215382.05657259407,228386.60533198714,31.0,0.943059056635614,13004.548759393074,Check,39013.64627817922,418822.9673981005,0.9352934688099742
Plant 2,Qf4GUc1pJu5T6c6,216179.23247752248,228386.60533198714,30.5,0.946549523617115,12207.372854464658,Check,36622.118563393975,393149.2139893765,0.9387551936594671
Plant 2,Mx2yZCDsyf6DPfv,221021.92263986013,228386.60533198714,26.5,0.9677534385984609,7364.682692127011,OK,22094.048076381034,237186.10434938464,0.9597845057218585
Plant 1,ih0vzX44oOqAx2f,235799.3554767,240114.07908821106,0.25,0.9820305263735661,4314.723611511057,OK,12944.170834533172,138959.4810177826,0.9792995204106842
Plant 1,z9Y9gH1T5YWrNuG,238052.3221431025,240114.07908821106,1.75,0.9914134275135481,2061.7569451085583,OK,6185.270835325675,66400.70161452562,0.9886563279025827
Plant 1,ZoEaEvLYb1n2sOq,238410.7093446525,240114.07908821106,0.0,0.9929059980571453,1703.369743558549,OK,5110.109230675647,54858.525564606214,0.9901447476393107
Plant 1,7JYdWkrLSPkdwr4,238684.5500189875,240114.07908821106,0.0,0.9940464587722139,1429.5290692235576,OK,4288.587207670673,46039.2450235234,0.9912820367574385
Plant 1,zBIq5rxdHJRwDNY,238837.0887191475,240114.07908821106,0.75,0.9946817347241249,1276.9903690635692,OK,3830.9711071907077,41126.601591900246,0.9919155460204674
Plant 1,sjndEbLyjtCKgGv,239195.8902090125,240114.07908821106,0.75,0.9961760306489098,918.1888791985693,OK,2754.566637595708,29571.08302124804,0.9934056863401349
Plant 1,WRmjgnKYAwPKWDb,239262.41443532,239770.777009964,0.0,0.9978797976092689,508.3625746439793,OK,1525.087723931938,16372.265271622276,0.995120649042349
Plant 1,YxYtjZvoooNbGkE,240008.84005852,240114.07908821106,0.0,0.999561712374007,105.23902969105984,OK,315.7170890731795,3389.3158091679566,0.9967819525565169
Plant 1,rGa61gmuvPhdLxV,240331.4333344375,240114.07908821106,0.0,1.000905212418413,0.0,OK,0.0,0.0,0.9981217163559346
Plant 1,pkci93gMrogZuBj,240652.563154105,240114.07908821106,0.0,1.0022426176255002,0.0,OK,0.0,0.0,0.9994554022676463
Plant 1,wCURE6d3bPkepu2,240849.2264282575,240114.07908821106,1.25,1.0030616586200944,0.0,OK,0.0,0.0,1.0002721655266917
Plant 1,zVJPv84UY57bAof,242159.1611611375,240114.07908821106,0.5,1.0085171268619162,0.0,OK,0.0,0.0,1.0057124622276106
Plant 1,uHbuxQJl8lW7ozc,242829.3529962625,240114.07908821106,0.0,1.011308266130675,0.0,OK,0.0,0.0,1.0084958393975532
Plant 1,iCRJl6heRkivqQ3,242911.866993935,240114.07908821106,0.0,1.0116519111097027,0.0,OK,0.0,0.0,1.0088385287072186
Plant 1,ZnxXDlPa8U1GXgE,243139.9283034925,240114.07908821106,0.0,1.0126017150963056,0.0,OK,0.0,0.0,1.009785691309179
Plant 2,NgDl19wMapZy17u,156250.28435397934,153954.37508639693,8.5,1.0149129199238018,0.0,OK,0.0,0.0,0.9876282933968054
Plant 1,McdE0feGgRqW7Ca,243962.296935105,240114.07908821106,0.75,1.016026623101431,0.0,OK,0.0,0.0,1.0132010747181404
Plant 1,VHMLBKoKgIrUVDU,244560.6314699225,240114.07908821106,0.0,1.018518499200865,0.0,OK,0.0,0.0,1.0156860209632534
Plant 1,3PZuoBAID5Wc2HD,244229.0209820725,239770.777009964,0.0,1.0185937753870784,0.0,OK,0.0,0.0,1.01577735244479
Plant 1,1IF53ai7Xc0U56Y,244521.8941665775,239770.777009964,0.0,1.0198152469448605,0.0,OK,0.0,0.0,1.01699544662034
Plant 2,mqwcsP2rE7J0TFp,157472.92756160506,153954.37508639693,7.25,1.0228545143535777,0.0,OK,0.0,0.0,0.995356388290028
Plant 1,adLQvlD726eNBSB,247749.937379925,239770.777009964,0.0,1.0332782854919365,0.0,OK,0.0,0.0,1.0304212597184164
Plant 2,xMbIugepa2P7lBB,160364.5351419414,153954.37508639693,5.5,1.0416367514852838,0.0,OK,0.0,0.0,1.0136336891701407
Plant 2,IQ2d7wF4YD8zU1Q,163116.7504383117,153954.37508639693,5.5,1.0595135756731366,0.0,OK,0.0,0.0,1.0310299179671192
